syllable,lang,tld,text,consonant,vowel,variant
ka,hi,com,क,k,a,
kaa,hi,com,का,k,aa,
ki,hi,com,कि,k,i,
kii,hi,com,की,k,ii,
ku,hi,com,कु,k,u,
kuu,hi,com,कू,k,uu,
ke,hi,com,के,k,e,
kai,hi,com,कै,k,ai,
ko,hi,com,को,k,o,
kau,hi,com,कौ,k,au,
kam,hi,com,कं,k,am,
kah,hi,com,कः,k,ah,
ga,hi,com,ग,g,a,
gaa,hi,com,गा,g,aa,
gi,hi,com,गि,g,i,
gii,hi,com,गी,g,ii,
gu,hi,com,गु,g,u,
guu,hi,com,गू,g,uu,
ge,hi,com,गे,g,e,
gai,hi,com,गै,g,ai,
go,hi,com,गो,g,o,
gau,hi,com,गौ,g,au,
gam,hi,com,गं,g,am,
gah,hi,com,गः,g,ah,
cha,hi,com,च,ch,a,
chaa,hi,com,चा,ch,aa,
chi,hi,com,चि,ch,i,
chii,hi,com,ची,ch,ii,
chu,hi,com,चु,ch,u,
chuu,hi,com,चू,ch,uu,
che,hi,com,चे,ch,e,
chai,hi,com,चै,ch,ai,
cho,hi,com,चो,ch,o,
chau,hi,com,चौ,ch,au,
cham,hi,com,चं,ch,am,
chah,hi,com,चः,ch,ah,
ja,hi,com,ज,j,a,
jaa,hi,com,जा,j,aa,
ji,hi,com,जि,j,i,
jii,hi,com,जी,j,ii,
ju,hi,com,जु,j,u,
juu,hi,com,जू,j,uu,
je,hi,com,जे,j,e,
jai,hi,com,जै,j,ai,
jo,hi,com,जो,j,o,
jau,hi,com,जौ,j,au,
jam,hi,com,जं,j,am,
jah,hi,com,जः,j,ah,
ta,hi,com,त,t,a,dental
taa,hi,com,ता,t,aa,dental
ti,hi,com,ति,t,i,dental
tii,hi,com,ती,t,ii,dental
tu,hi,com,तु,t,u,dental
tuu,hi,com,तू,t,uu,dental
te,hi,com,ते,t,e,dental
tai,hi,com,तै,t,ai,dental
to,hi,com,तो,t,o,dental
tau,hi,com,तौ,t,au,dental
tam,hi,com,तं,t,am,dental
tah,hi,com,तः,t,ah,dental
ta,hi,com,ट,t,a,retroflex
taa,hi,com,टा,t,aa,retroflex
ti,hi,com,टि,t,i,retroflex
tii,hi,com,टी,t,ii,retroflex
tu,hi,com,टु,t,u,retroflex
tuu,hi,com,टू,t,uu,retroflex
te,hi,com,टे,t,e,retroflex
tai,hi,com,टै,t,ai,retroflex
to,hi,com,टो,t,o,retroflex
tau,hi,com,टौ,t,au,retroflex
tam,hi,com,टं,t,am,retroflex
tah,hi,com,टः,t,ah,retroflex
da,hi,com,द,d,a,dental
daa,hi,com,दा,d,aa,dental
di,hi,com,दि,d,i,dental
dii,hi,com,दी,d,ii,dental
du,hi,com,दु,d,u,dental
duu,hi,com,दू,d,uu,dental
de,hi,com,दे,d,e,dental
dai,hi,com,दै,d,ai,dental
do,hi,com,दो,d,o,dental
dau,hi,com,दौ,d,au,dental
dam,hi,com,दं,d,am,dental
dah,hi,com,दः,d,ah,dental
da,hi,com,ड,d,a,retroflex
daa,hi,com,डा,d,aa,retroflex
di,hi,com,डि,d,i,retroflex
dii,hi,com,डी,d,ii,retroflex
du,hi,com,डु,d,u,retroflex
duu,hi,com,डू,d,uu,retroflex
de,hi,com,डे,d,e,retroflex
dai,hi,com,डै,d,ai,retroflex
do,hi,com,डो,d,o,retroflex
dau,hi,com,डौ,d,au,retroflex
dam,hi,com,डं,d,am,retroflex
dah,hi,com,डः,d,ah,retroflex
na,hi,com,न,n,a,
naa,hi,com,ना,n,aa,
ni,hi,com,नि,n,i,
nii,hi,com,नी,n,ii,
nu,hi,com,नु,n,u,
nuu,hi,com,नू,n,uu,
ne,hi,com,ने,n,e,
nai,hi,com,नै,n,ai,
no,hi,com,नो,n,o,
nau,hi,com,नौ,n,au,
nam,hi,com,नं,n,am,
nah,hi,com,नः,n,ah,
pa,hi,com,प,p,a,
paa,hi,com,पा,p,aa,
pi,hi,com,पि,p,i,
pii,hi,com,पी,p,ii,
pu,hi,com,पु,p,u,
puu,hi,com,पू,p,uu,
pe,hi,com,पे,p,e,
pai,hi,com,पै,p,ai,
po,hi,com,पो,p,o,
pau,hi,com,पौ,p,au,
pam,hi,com,पं,p,am,
pah,hi,com,पः,p,ah,
ba,hi,com,ब,b,a,
baa,hi,com,बा,b,aa,
bi,hi,com,बि,b,i,
bii,hi,com,बी,b,ii,
bu,hi,com,बु,b,u,
buu,hi,com,बू,b,uu,
be,hi,com,बे,b,e,
bai,hi,com,बै,b,ai,
bo,hi,com,बो,b,o,
bau,hi,com,बौ,b,au,
bam,hi,com,बं,b,am,
bah,hi,com,बः,b,ah,
ma,hi,com,म,m,a,
maa,hi,com,मा,m,aa,
mi,hi,com,मि,m,i,
mii,hi,com,मी,m,ii,
mu,hi,com,मु,m,u,
muu,hi,com,मू,m,uu,
me,hi,com,मे,m,e,
mai,hi,com,मै,m,ai,
mo,hi,com,मो,m,o,
mau,hi,com,मौ,m,au,
mam,hi,com,मं,m,am,
mah,hi,com,मः,m,ah,
ya,hi,com,य,y,a,
yaa,hi,com,या,y,aa,
yi,hi,com,यि,y,i,
yii,hi,com,यी,y,ii,
yu,hi,com,यु,y,u,
yuu,hi,com,यू,y,uu,
ye,hi,com,ये,y,e,
yai,hi,com,यै,y,ai,
yo,hi,com,यो,y,o,
yau,hi,com,यौ,y,au,
yam,hi,com,यं,y,am,
yah,hi,com,यः,y,ah,
ra,hi,com,र,r,a,
raa,hi,com,रा,r,aa,
ri,hi,com,रि,r,i,
rii,hi,com,री,r,ii,
ru,hi,com,रु,r,u,
ruu,hi,com,रू,r,uu,
re,hi,com,रे,r,e,
rai,hi,com,रै,r,ai,
ro,hi,com,रो,r,o,
rau,hi,com,रौ,r,au,
ram,hi,com,रं,r,am,
rah,hi,com,रः,r,ah,
la,hi,com,ल,l,a,
laa,hi,com,ला,l,aa,
li,hi,com,लि,l,i,
lii,hi,com,ली,l,ii,
lu,hi,com,लु,l,u,
luu,hi,com,लू,l,uu,
le,hi,com,ले,l,e,
lai,hi,com,लै,l,ai,
lo,hi,com,लो,l,o,
lau,hi,com,लौ,l,au,
lam,hi,com,लं,l,am,
lah,hi,com,लः,l,ah,
va,hi,com,व,v,a,
vaa,hi,com,वा,v,aa,
vi,hi,com,वि,v,i,
vii,hi,com,वी,v,ii,
vu,hi,com,वु,v,u,
vuu,hi,com,वू,v,uu,
ve,hi,com,वे,v,e,
vai,hi,com,वै,v,ai,
vo,hi,com,वो,v,o,
vau,hi,com,वौ,v,au,
vam,hi,com,वं,v,am,
vah,hi,com,वः,v,ah,
sha,hi,com,श,sh,a,
shaa,hi,com,शा,sh,aa,
shi,hi,com,शि,sh,i,
shii,hi,com,शी,sh,ii,
shu,hi,com,शु,sh,u,
shuu,hi,com,शू,sh,uu,
she,hi,com,शे,sh,e,
shai,hi,com,शै,sh,ai,
sho,hi,com,शो,sh,o,
shau,hi,com,शौ,sh,au,
sham,hi,com,शं,sh,am,
shah,hi,com,शः,sh,ah,
sa,hi,com,स,s,a,
saa,hi,com,सा,s,aa,
si,hi,com,सि,s,i,
sii,hi,com,सी,s,ii,
su,hi,com,सु,s,u,
suu,hi,com,सू,s,uu,
se,hi,com,से,s,e,
sai,hi,com,सै,s,ai,
so,hi,com,सो,s,o,
sau,hi,com,सौ,s,au,
sam,hi,com,सं,s,am,
sah,hi,com,सः,s,ah,
ha,hi,com,ह,h,a,
haa,hi,com,हा,h,aa,
hi,hi,com,हि,h,i,
hii,hi,com,ही,h,ii,
hu,hi,com,हु,h,u,
huu,hi,com,हू,h,uu,
he,hi,com,हे,h,e,
hai,hi,com,है,h,ai,
ho,hi,com,हो,h,o,
hau,hi,com,हौ,h,au,
ham,hi,com,हं,h,am,
hah,hi,com,हः,h,ah,
fa,hi,com,फ़,f,a,
faa,hi,com,फ़ा,f,aa,
fi,hi,com,फ़ि,f,i,
fii,hi,com,फ़ी,f,ii,
fu,hi,com,फ़ु,f,u,
fuu,hi,com,फ़ू,f,uu,
fe,hi,com,फ़े,f,e,
fai,hi,com,फ़ै,f,ai,
fo,hi,com,फ़ो,f,o,
fau,hi,com,फ़ौ,f,au,
fam,hi,com,फ़ं,f,am,
fah,hi,com,फ़ः,f,ah,
za,hi,com,ज़,z,a,
zaa,hi,com,ज़ा,z,aa,
zi,hi,com,ज़ि,z,i,
zii,hi,com,ज़ी,z,ii,
zu,hi,com,ज़ु,z,u,
zuu,hi,com,ज़ू,z,uu,
ze,hi,com,ज़े,z,e,
zai,hi,com,ज़ै,z,ai,
zo,hi,com,ज़ो,z,o,
zau,hi,com,ज़ौ,z,au,
zam,hi,com,ज़ं,z,am,
zah,hi,com,ज़ः,z,ah,
tha,hi,com,थ,th,a,
thaa,hi,com,था,th,aa,
thi,hi,com,थि,th,i,
thii,hi,com,थी,th,ii,
thu,hi,com,थु,th,u,
thuu,hi,com,थू,th,uu,
the,hi,com,थे,th,e,
thai,hi,com,थै,th,ai,
tho,hi,com,थो,th,o,
thau,hi,com,थौ,th,au,
tham,hi,com,थं,th,am,
thah,hi,com,थः,th,ah,
dha,hi,com,ध,dh,a,
dhaa,hi,com,धा,dh,aa,
dhi,hi,com,धि,dh,i,
dhii,hi,com,धी,dh,ii,
dhu,hi,com,धु,dh,u,
dhuu,hi,com,धू,dh,uu,
dhe,hi,com,धे,dh,e,
dhai,hi,com,धै,dh,ai,
dho,hi,com,धो,dh,o,
dhau,hi,com,धौ,dh,au,
dham,hi,com,धं,dh,am,
dhah,hi,com,धः,dh,ah,
