syllable,lang,tld,text
ka,te,com,క
ki,te,com,కి
kii,te,com,కీ
ku,te,com,కు
kuu,te,com,కూ
ke,te,com,కె
kee,te,com,కే
ko,te,com,కొ
koo,te,com,కో
kha,te,com,ఖ
khi,te,com,ఖి
khii,te,com,ఖీ
khu,te,com,ఖు
khuu,te,com,ఖూ
khe,te,com,ఖె
khee,te,com,ఖే
kho,te,com,ఖొ
khoo,te,com,ఖో
ga,te,com,గ
gi,te,com,గి
gii,te,com,గీ
gu,te,com,గు
guu,te,com,గూ
ge,te,com,గె
gee,te,com,గే
go,te,com,గొ
goo,te,com,గో
gha,te,com,ఘ
ghi,te,com,ఘి
ghii,te,com,ఘీ
ghu,te,com,ఘు
ghuu,te,com,ఘూ
ghe,te,com,ఘె
ghee,te,com,ఘే
gho,te,com,ఘొ
ghoo,te,com,ఘో
nga,te,com,ఙ
ngi,te,com,ఙి
ngii,te,com,ఙీ
ngu,te,com,ఙు
nguu,te,com,ఙూ
nge,te,com,ఙె
ngee,te,com,ఙే
ngo,te,com,ఙొ
ngoo,te,com,ఙో
cha,te,com,చ
chi,te,com,చి
chii,te,com,చీ
chu,te,com,చు
chuu,te,com,చూ
che,te,com,చె
chee,te,com,చే
cho,te,com,చొ
choo,te,com,చో
chha,te,com,ఛ
chhi,te,com,ఛి
chhii,te,com,ఛీ
chhu,te,com,ఛు
chhuu,te,com,ఛూ
chhe,te,com,ఛె
chhee,te,com,ఛే
chho,te,com,ఛొ
chhoo,te,com,ఛో
ja,te,com,జ
ji,te,com,జి
jii,te,com,జీ
ju,te,com,జు
juu,te,com,జూ
je,te,com,జె
jee,te,com,జే
jo,te,com,జొ
joo,te,com,జో
jha,te,com,ఝ
jhi,te,com,ఝి
jhii,te,com,ఝీ
jhu,te,com,ఝు
jhuu,te,com,ఝూ
jhe,te,com,ఝె
jhee,te,com,ఝే
jho,te,com,ఝొ
jhoo,te,com,ఝో
nya,te,com,ఞ
nyi,te,com,ఞి
nyii,te,com,ఞీ
nyu,te,com,ఞు
nyuu,te,com,ఞూ
nye,te,com,ఞె
nyee,te,com,ఞే
nyo,te,com,ఞొ
nyoo,te,com,ఞో
tta,te,com,ట
tti,te,com,టి
ttii,te,com,టీ
ttu,te,com,టు
ttuu,te,com,టూ
tte,te,com,టె
ttee,te,com,టే
tto,te,com,టొ
ttoo,te,com,టో
ttha,te,com,ఠ
tthi,te,com,ఠి
tthii,te,com,ఠీ
tthu,te,com,ఠు
tthuu,te,com,ఠూ
tthe,te,com,ఠె
tthee,te,com,ఠే
ttho,te,com,ఠొ
tthoo,te,com,ఠో
dda,te,com,డ
ddi,te,com,డి
ddii,te,com,డీ
ddu,te,com,డు
dduu,te,com,డూ
dde,te,com,డె
ddee,te,com,డే
ddo,te,com,డొ
ddoo,te,com,డో
ddha,te,com,ఢ
ddhi,te,com,ఢి
ddhii,te,com,ఢీ
ddhu,te,com,ఢు
ddhuu,te,com,ఢూ
ddhe,te,com,ఢె
ddhee,te,com,ఢే
ddho,te,com,ఢొ
ddhoo,te,com,ఢో
nna,te,com,ణ
nni,te,com,ణి
nnii,te,com,ణీ
nnu,te,com,ణు
nnuu,te,com,ణూ
nne,te,com,ణె
nnee,te,com,ణే
nno,te,com,ణొ
nnoo,te,com,ణో
ta,te,com,త
ti,te,com,తి
tii,te,com,తీ
tu,te,com,తు
tuu,te,com,తూ
te,te,com,తె
tee,te,com,తే
to,te,com,తొ
too,te,com,తో
tha,te,com,థ
thi,te,com,థి
thii,te,com,థీ
thu,te,com,థు
thuu,te,com,థూ
the,te,com,థె
thee,te,com,థే
tho,te,com,థొ
thoo,te,com,థో
da,te,com,ద
di,te,com,ది
dii,te,com,దీ
du,te,com,దు
duu,te,com,దూ
de,te,com,దె
dee,te,com,దే
do,te,com,దొ
doo,te,com,దో
dha,te,com,ధ
dhi,te,com,ధి
dhii,te,com,ధీ
dhu,te,com,ధు
dhuu,te,com,ధూ
dhe,te,com,ధె
dhee,te,com,ధే
dho,te,com,ధొ
dhoo,te,com,ధో
na,te,com,న
ni,te,com,ని
nii,te,com,నీ
nu,te,com,ను
nuu,te,com,నూ
ne,te,com,నె
nee,te,com,నే
no,te,com,నొ
noo,te,com,నో
pa,te,com,ప
pi,te,com,పి
pii,te,com,పీ
pu,te,com,పు
puu,te,com,పూ
pe,te,com,పె
pee,te,com,పే
po,te,com,పొ
poo,te,com,పో
pha,te,com,ఫ
phi,te,com,ఫి
phii,te,com,ఫీ
phu,te,com,ఫు
phuu,te,com,ఫూ
phe,te,com,ఫె
phee,te,com,ఫే
pho,te,com,ఫొ
phoo,te,com,ఫో
ba,te,com,బ
bi,te,com,బి
bii,te,com,బీ
bu,te,com,బు
buu,te,com,బూ
be,te,com,బె
bee,te,com,బే
bo,te,com,బొ
boo,te,com,బో
bha,te,com,భ
bhi,te,com,భి
bhii,te,com,భీ
bhu,te,com,భు
bhuu,te,com,భూ
bhe,te,com,భె
bhee,te,com,భే
bho,te,com,భొ
bhoo,te,com,భో
ma,te,com,మ
mi,te,com,మి
mii,te,com,మీ
mu,te,com,ము
muu,te,com,మూ
me,te,com,మె
mee,te,com,మే
mo,te,com,మొ
moo,te,com,మో
ya,te,com,య
yi,te,com,యి
yii,te,com,యీ
yu,te,com,యు
yuu,te,com,యూ
ye,te,com,యె
yee,te,com,యే
yo,te,com,యొ
yoo,te,com,యో
ra,te,com,ర
ri,te,com,రి
rii,te,com,రీ
ru,te,com,రు
ruu,te,com,రూ
re,te,com,రె
ree,te,com,రే
ro,te,com,రొ
roo,te,com,రో
la,te,com,ల
li,te,com,లి
lii,te,com,లీ
lu,te,com,లు
luu,te,com,లూ
le,te,com,లె
lee,te,com,లే
lo,te,com,లొ
loo,te,com,లో
lla,te,com,ళ
lli,te,com,ళి
llii,te,com,ళీ
llu,te,com,ళు
lluu,te,com,ళూ
lle,te,com,ళె
llee,te,com,ళే
llo,te,com,ళొ
lloo,te,com,ళో
va,te,com,వ
vi,te,com,వి
vii,te,com,వీ
vu,te,com,వు
vuu,te,com,వూ
ve,te,com,వె
vee,te,com,వే
vo,te,com,వొ
voo,te,com,వో
sha,te,com,శ
shi,te,com,శి
shii,te,com,శీ
shu,te,com,శు
shuu,te,com,శూ
she,te,com,శె
shee,te,com,శే
sho,te,com,శొ
shoo,te,com,శో
ssa,te,com,ష
ssi,te,com,షి
ssii,te,com,షీ
ssu,te,com,షు
ssuu,te,com,షూ
sse,te,com,షె
ssee,te,com,షే
sso,te,com,షొ
ssoo,te,com,షో
sa,te,com,స
si,te,com,సి
sii,te,com,సీ
su,te,com,సు
suu,te,com,సూ
se,te,com,సె
see,te,com,సే
so,te,com,సొ
soo,te,com,సో
ha,te,com,హ
hi,te,com,హి
hii,te,com,హీ
hu,te,com,హు
huu,te,com,హూ
he,te,com,హె
hee,te,com,హే
ho,te,com,హొ
hoo,te,com,హో
ka,kn,com,ಕ
ki,kn,com,ಕಿ
kii,kn,com,ಕೀ
ku,kn,com,ಕು
kuu,kn,com,ಕೂ
ke,kn,com,ಕೆ
kee,kn,com,ಕೇ
ko,kn,com,ಕೊ
koo,kn,com,ಕೋ
kha,kn,com,ಖ
khi,kn,com,ಖಿ
khii,kn,com,ಖೀ
khu,kn,com,ಖು
khuu,kn,com,ಖೂ
khe,kn,com,ಖೆ
khee,kn,com,ಖೇ
kho,kn,com,ಖೊ
khoo,kn,com,ಖೋ
ga,kn,com,ಗ
gi,kn,com,ಗಿ
gii,kn,com,ಗೀ
gu,kn,com,ಗು
guu,kn,com,ಗೂ
ge,kn,com,ಗೆ
gee,kn,com,ಗೇ
go,kn,com,ಗೊ
goo,kn,com,ಗೋ
gha,kn,com,ಘ
ghi,kn,com,ಘಿ
ghii,kn,com,ಘೀ
ghu,kn,com,ಘು
ghuu,kn,com,ಘೂ
ghe,kn,com,ಘೆ
ghee,kn,com,ಘೇ
gho,kn,com,ಘೊ
ghoo,kn,com,ಘೋ
nga,kn,com,ಙ
ngi,kn,com,ಙಿ
ngii,kn,com,ಙೀ
ngu,kn,com,ಙು
nguu,kn,com,ಙೂ
nge,kn,com,ಙೆ
ngee,kn,com,ಙೇ
ngo,kn,com,ಙೊ
ngoo,kn,com,ಙೋ
cha,kn,com,ಚ
chi,kn,com,ಚಿ
chii,kn,com,ಚೀ
chu,kn,com,ಚು
chuu,kn,com,ಚೂ
che,kn,com,ಚೆ
chee,kn,com,ಚೇ
cho,kn,com,ಚೊ
choo,kn,com,ಚೋ
chha,kn,com,ಛ
chhi,kn,com,ಛಿ
chhii,kn,com,ಛೀ
chhu,kn,com,ಛು
chhuu,kn,com,ಛೂ
chhe,kn,com,ಛೆ
chhee,kn,com,ಛೇ
chho,kn,com,ಛೊ
chhoo,kn,com,ಛೋ
ja,kn,com,ಜ
ji,kn,com,ಜಿ
jii,kn,com,ಜೀ
ju,kn,com,ಜು
juu,kn,com,ಜೂ
je,kn,com,ಜೆ
jee,kn,com,ಜೇ
jo,kn,com,ಜೊ
joo,kn,com,ಜೋ
jha,kn,com,ಝ
jhi,kn,com,ಝಿ
jhii,kn,com,ಝೀ
jhu,kn,com,ಝು
jhuu,kn,com,ಝೂ
jhe,kn,com,ಝೆ
jhee,kn,com,ಝೇ
jho,kn,com,ಝೊ
jhoo,kn,com,ಝೋ
nya,kn,com,ಞ
nyi,kn,com,ಞಿ
nyii,kn,com,ಞೀ
nyu,kn,com,ಞು
nyuu,kn,com,ಞೂ
nye,kn,com,ಞೆ
nyee,kn,com,ಞೇ
nyo,kn,com,ಞೊ
nyoo,kn,com,ಞೋ
tta,kn,com,ಟ
tti,kn,com,ಟಿ
ttii,kn,com,ಟೀ
ttu,kn,com,ಟು
ttuu,kn,com,ಟೂ
tte,kn,com,ಟೆ
ttee,kn,com,ಟೇ
tto,kn,com,ಟೊ
ttoo,kn,com,ಟೋ
ttha,kn,com,ಠ
tthi,kn,com,ಠಿ
tthii,kn,com,ಠೀ
tthu,kn,com,ಠು
tthuu,kn,com,ಠೂ
tthe,kn,com,ಠೆ
tthee,kn,com,ಠೇ
ttho,kn,com,ಠೊ
tthoo,kn,com,ಠೋ
dda,kn,com,ಡ
ddi,kn,com,ಡಿ
ddii,kn,com,ಡೀ
ddu,kn,com,ಡು
dduu,kn,com,ಡೂ
dde,kn,com,ಡೆ
ddee,kn,com,ಡೇ
ddo,kn,com,ಡೊ
ddoo,kn,com,ಡೋ
ddha,kn,com,ಢ
ddhi,kn,com,ಢಿ
ddhii,kn,com,ಢೀ
ddhu,kn,com,ಢು
ddhuu,kn,com,ಢೂ
ddhe,kn,com,ಢೆ
ddhee,kn,com,ಢೇ
ddho,kn,com,ಢೊ
ddhoo,kn,com,ಢೋ
nna,kn,com,ಣ
nni,kn,com,ಣಿ
nnii,kn,com,ಣೀ
nnu,kn,com,ಣು
nnuu,kn,com,ಣೂ
nne,kn,com,ಣೆ
nnee,kn,com,ಣೇ
nno,kn,com,ಣೊ
nnoo,kn,com,ಣೋ
ta,kn,com,ತ
ti,kn,com,ತಿ
tii,kn,com,ತೀ
tu,kn,com,ತು
tuu,kn,com,ತೂ
te,kn,com,ತೆ
tee,kn,com,ತೇ
to,kn,com,ತೊ
too,kn,com,ತೋ
tha,kn,com,ಥ
thi,kn,com,ಥಿ
thii,kn,com,ಥೀ
thu,kn,com,ಥು
thuu,kn,com,ಥೂ
the,kn,com,ಥೆ
thee,kn,com,ಥೇ
tho,kn,com,ಥೊ
thoo,kn,com,ಥೋ
da,kn,com,ದ
di,kn,com,ದಿ
dii,kn,com,ದೀ
du,kn,com,ದು
duu,kn,com,ದೂ
de,kn,com,ದೆ
dee,kn,com,ದೇ
do,kn,com,ದೊ
doo,kn,com,ದೋ
dha,kn,com,ಧ
dhi,kn,com,ಧಿ
dhii,kn,com,ಧೀ
dhu,kn,com,ಧು
dhuu,kn,com,ಧೂ
dhe,kn,com,ಧೆ
dhee,kn,com,ಧೇ
dho,kn,com,ಧೊ
dhoo,kn,com,ಧೋ
na,kn,com,ನ
ni,kn,com,ನಿ
nii,kn,com,ನೀ
nu,kn,com,ನು
nuu,kn,com,ನೂ
ne,kn,com,ನೆ
nee,kn,com,ನೇ
no,kn,com,ನೊ
noo,kn,com,ನೋ
pa,kn,com,ಪ
pi,kn,com,ಪಿ
pii,kn,com,ಪೀ
pu,kn,com,ಪು
puu,kn,com,ಪೂ
pe,kn,com,ಪೆ
pee,kn,com,ಪೇ
po,kn,com,ಪೊ
poo,kn,com,ಪೋ
pha,kn,com,ಫ
phi,kn,com,ಫಿ
phii,kn,com,ಫೀ
phu,kn,com,ಫು
phuu,kn,com,ಫೂ
phe,kn,com,ಫೆ
phee,kn,com,ಫೇ
pho,kn,com,ಫೊ
phoo,kn,com,ಫೋ
ba,kn,com,ಬ
bi,kn,com,ಬಿ
bii,kn,com,ಬೀ
bu,kn,com,ಬು
buu,kn,com,ಬೂ
be,kn,com,ಬೆ
bee,kn,com,ಬೇ
bo,kn,com,ಬೊ
boo,kn,com,ಬೋ
bha,kn,com,ಭ
bhi,kn,com,ಭಿ
bhii,kn,com,ಭೀ
bhu,kn,com,ಭು
bhuu,kn,com,ಭೂ
bhe,kn,com,ಭೆ
bhee,kn,com,ಭೇ
bho,kn,com,ಭೊ
bhoo,kn,com,ಭೋ
ma,kn,com,ಮ
mi,kn,com,ಮಿ
mii,kn,com,ಮೀ
mu,kn,com,ಮು
muu,kn,com,ಮೂ
me,kn,com,ಮೆ
mee,kn,com,ಮೇ
mo,kn,com,ಮೊ
moo,kn,com,ಮೋ
ya,kn,com,ಯ
yi,kn,com,ಯಿ
yii,kn,com,ಯೀ
yu,kn,com,ಯು
yuu,kn,com,ಯೂ
ye,kn,com,ಯೆ
yee,kn,com,ಯೇ
yo,kn,com,ಯೊ
yoo,kn,com,ಯೋ
ra,kn,com,ರ
ri,kn,com,ರಿ
rii,kn,com,ರೀ
ru,kn,com,ರು
ruu,kn,com,ರೂ
re,kn,com,ರೆ
ree,kn,com,ರೇ
ro,kn,com,ರೊ
roo,kn,com,ರೋ
la,kn,com,ಲ
li,kn,com,ಲಿ
lii,kn,com,ಲೀ
lu,kn,com,ಲು
luu,kn,com,ಲೂ
le,kn,com,ಲೆ
lee,kn,com,ಲೇ
lo,kn,com,ಲೊ
loo,kn,com,ಲೋ
lla,kn,com,ಳ
lli,kn,com,ಳಿ
llii,kn,com,ಳೀ
llu,kn,com,ಳು
lluu,kn,com,ಳೂ
lle,kn,com,ಳೆ
llee,kn,com,ಳೇ
llo,kn,com,ಳೊ
lloo,kn,com,ಳೋ
va,kn,com,ವ
vi,kn,com,ವಿ
vii,kn,com,ವೀ
vu,kn,com,ವು
vuu,kn,com,ವೂ
ve,kn,com,ವೆ
vee,kn,com,ವೇ
vo,kn,com,ವೊ
voo,kn,com,ವೋ
sha,kn,com,ಶ
shi,kn,com,ಶಿ
shii,kn,com,ಶೀ
shu,kn,com,ಶು
shuu,kn,com,ಶೂ
she,kn,com,ಶೆ
shee,kn,com,ಶೇ
sho,kn,com,ಶೊ
shoo,kn,com,ಶೋ
ssa,kn,com,ಷ
ssi,kn,com,ಷಿ
ssii,kn,com,ಷೀ
ssu,kn,com,ಷು
ssuu,kn,com,ಷೂ
sse,kn,com,ಷೆ
ssee,kn,com,ಷೇ
sso,kn,com,ಷೊ
ssoo,kn,com,ಷೋ
sa,kn,com,ಸ
si,kn,com,ಸಿ
sii,kn,com,ಸೀ
su,kn,com,ಸು
suu,kn,com,ಸೂ
se,kn,com,ಸೆ
see,kn,com,ಸೇ
so,kn,com,ಸೊ
soo,kn,com,ಸೋ
ha,kn,com,ಹ
hi,kn,com,ಹಿ
hii,kn,com,ಹೀ
hu,kn,com,ಹು
huu,kn,com,ಹೂ
he,kn,com,ಹೆ
hee,kn,com,ಹೇ
ho,kn,com,ಹೊ
hoo,kn,com,ಹೋ
ka,gu,com,ક
ki,gu,com,કિ
kii,gu,com,કી
ku,gu,com,કુ
kuu,gu,com,કૂ
ke,gu,com,કે
ko,gu,com,કો
kha,gu,com,ખ
khi,gu,com,ખિ
khii,gu,com,ખી
khu,gu,com,ખુ
khuu,gu,com,ખૂ
khe,gu,com,ખે
kho,gu,com,ખો
ga,gu,com,ગ
gi,gu,com,ગિ
gii,gu,com,ગી
gu,gu,com,ગુ
guu,gu,com,ગૂ
ge,gu,com,ગે
go,gu,com,ગો
gha,gu,com,ઘ
ghi,gu,com,ઘિ
ghii,gu,com,ઘી
ghu,gu,com,ઘુ
ghuu,gu,com,ઘૂ
ghe,gu,com,ઘે
gho,gu,com,ઘો
nga,gu,com,ઙ
ngi,gu,com,ઙિ
ngii,gu,com,ઙી
ngu,gu,com,ઙુ
nguu,gu,com,ઙૂ
nge,gu,com,ઙે
ngo,gu,com,ઙો
cha,gu,com,ચ
chi,gu,com,ચિ
chii,gu,com,ચી
chu,gu,com,ચુ
chuu,gu,com,ચૂ
che,gu,com,ચે
cho,gu,com,ચો
chha,gu,com,છ
chhi,gu,com,છિ
chhii,gu,com,છી
chhu,gu,com,છુ
chhuu,gu,com,છૂ
chhe,gu,com,છે
chho,gu,com,છો
ja,gu,com,જ
ji,gu,com,જિ
jii,gu,com,જી
ju,gu,com,જુ
juu,gu,com,જૂ
je,gu,com,જે
jo,gu,com,જો
jha,gu,com,ઝ
jhi,gu,com,ઝિ
jhii,gu,com,ઝી
jhu,gu,com,ઝુ
jhuu,gu,com,ઝૂ
jhe,gu,com,ઝે
jho,gu,com,ઝો
nya,gu,com,ઞ
nyi,gu,com,ઞિ
nyii,gu,com,ઞી
nyu,gu,com,ઞુ
nyuu,gu,com,ઞૂ
nye,gu,com,ઞે
nyo,gu,com,ઞો
tta,gu,com,ટ
tti,gu,com,ટિ
ttii,gu,com,ટી
ttu,gu,com,ટુ
ttuu,gu,com,ટૂ
tte,gu,com,ટે
tto,gu,com,ટો
ttha,gu,com,ઠ
tthi,gu,com,ઠિ
tthii,gu,com,ઠી
tthu,gu,com,ઠુ
tthuu,gu,com,ઠૂ
tthe,gu,com,ઠે
ttho,gu,com,ઠો
dda,gu,com,ડ
ddi,gu,com,ડિ
ddii,gu,com,ડી
ddu,gu,com,ડુ
dduu,gu,com,ડૂ
dde,gu,com,ડે
ddo,gu,com,ડો
ddha,gu,com,ઢ
ddhi,gu,com,ઢિ
ddhii,gu,com,ઢી
ddhu,gu,com,ઢુ
ddhuu,gu,com,ઢૂ
ddhe,gu,com,ઢે
ddho,gu,com,ઢો
nna,gu,com,ણ
nni,gu,com,ણિ
nnii,gu,com,ણી
nnu,gu,com,ણુ
nnuu,gu,com,ણૂ
nne,gu,com,ણે
nno,gu,com,ણો
ta,gu,com,ત
ti,gu,com,તિ
tii,gu,com,તી
tu,gu,com,તુ
tuu,gu,com,તૂ
te,gu,com,તે
to,gu,com,તો
tha,gu,com,થ
thi,gu,com,થિ
thii,gu,com,થી
thu,gu,com,થુ
thuu,gu,com,થૂ
the,gu,com,થે
tho,gu,com,થો
da,gu,com,દ
di,gu,com,દિ
dii,gu,com,દી
du,gu,com,દુ
duu,gu,com,દૂ
de,gu,com,દે
do,gu,com,દો
dha,gu,com,ધ
dhi,gu,com,ધિ
dhii,gu,com,ધી
dhu,gu,com,ધુ
dhuu,gu,com,ધૂ
dhe,gu,com,ધે
dho,gu,com,ધો
na,gu,com,ન
ni,gu,com,નિ
nii,gu,com,ની
nu,gu,com,નુ
nuu,gu,com,નૂ
ne,gu,com,ને
no,gu,com,નો
pa,gu,com,પ
pi,gu,com,પિ
pii,gu,com,પી
pu,gu,com,પુ
puu,gu,com,પૂ
pe,gu,com,પે
po,gu,com,પો
pha,gu,com,ફ
phi,gu,com,ફિ
phii,gu,com,ફી
phu,gu,com,ફુ
phuu,gu,com,ફૂ
phe,gu,com,ફે
pho,gu,com,ફો
ba,gu,com,બ
bi,gu,com,બિ
bii,gu,com,બી
bu,gu,com,બુ
buu,gu,com,બૂ
be,gu,com,બે
bo,gu,com,બો
bha,gu,com,ભ
bhi,gu,com,ભિ
bhii,gu,com,ભી
bhu,gu,com,ભુ
bhuu,gu,com,ભૂ
bhe,gu,com,ભે
bho,gu,com,ભો
ma,gu,com,મ
mi,gu,com,મિ
mii,gu,com,મી
mu,gu,com,મુ
muu,gu,com,મૂ
me,gu,com,મે
mo,gu,com,મો
ya,gu,com,ય
yi,gu,com,યિ
yii,gu,com,યી
yu,gu,com,યુ
yuu,gu,com,યૂ
ye,gu,com,યે
yo,gu,com,યો
ra,gu,com,ર
ri,gu,com,રિ
rii,gu,com,રી
ru,gu,com,રુ
ruu,gu,com,રૂ
re,gu,com,રે
ro,gu,com,રો
la,gu,com,લ
li,gu,com,લિ
lii,gu,com,લી
lu,gu,com,લુ
luu,gu,com,લૂ
le,gu,com,લે
lo,gu,com,લો
lla,gu,com,ળ
lli,gu,com,ળિ
llii,gu,com,ળી
llu,gu,com,ળુ
lluu,gu,com,ળૂ
lle,gu,com,ળે
llo,gu,com,ળો
va,gu,com,વ
vi,gu,com,વિ
vii,gu,com,વી
vu,gu,com,વુ
vuu,gu,com,વૂ
ve,gu,com,વે
vo,gu,com,વો
sha,gu,com,શ
shi,gu,com,શિ
shii,gu,com,શી
shu,gu,com,શુ
shuu,gu,com,શૂ
she,gu,com,શે
sho,gu,com,શો
ssa,gu,com,ષ
ssi,gu,com,ષિ
ssii,gu,com,ષી
ssu,gu,com,ષુ
ssuu,gu,com,ષૂ
sse,gu,com,ષે
sso,gu,com,ષો
sa,gu,com,સ
si,gu,com,સિ
sii,gu,com,સી
su,gu,com,સુ
suu,gu,com,સૂ
se,gu,com,સે
so,gu,com,સો
ha,gu,com,હ
hi,gu,com,હિ
hii,gu,com,હી
hu,gu,com,હુ
huu,gu,com,હૂ
he,gu,com,હે
ho,gu,com,હો
ka,mr,com,क
ki,mr,com,कि
kii,mr,com,की
ku,mr,com,कु
kuu,mr,com,कू
ke,mr,com,के
ko,mr,com,को
kha,mr,com,ख
khi,mr,com,खि
khii,mr,com,खी
khu,mr,com,खु
khuu,mr,com,खू
khe,mr,com,खे
kho,mr,com,खो
ga,mr,com,ग
gi,mr,com,गि
gii,mr,com,गी
gu,mr,com,गु
guu,mr,com,गू
ge,mr,com,गे
go,mr,com,गो
gha,mr,com,घ
ghi,mr,com,घि
ghii,mr,com,घी
ghu,mr,com,घु
ghuu,mr,com,घू
ghe,mr,com,घे
gho,mr,com,घो
nga,mr,com,ङ
ngi,mr,com,ङि
ngii,mr,com,ङी
ngu,mr,com,ङु
nguu,mr,com,ङू
nge,mr,com,ङे
ngo,mr,com,ङो
nya,mr,com,ञ
nyi,mr,com,ञि
nyii,mr,com,ञी
nyu,mr,com,ञु
nyuu,mr,com,ञू
nye,mr,com,ञे
nyo,mr,com,ञो
tta,mr,com,ट
tti,mr,com,टि
ttii,mr,com,टी
ttu,mr,com,टु
ttuu,mr,com,टू
tte,mr,com,टे
tto,mr,com,टो
ttha,mr,com,ठ
tthi,mr,com,ठि
tthii,mr,com,ठी
tthu,mr,com,ठु
tthuu,mr,com,ठू
tthe,mr,com,ठे
ttho,mr,com,ठो
dda,mr,com,ड
ddi,mr,com,डि
ddii,mr,com,डी
ddu,mr,com,डु
dduu,mr,com,डू
dde,mr,com,डे
ddo,mr,com,डो
ddha,mr,com,ढ
ddhi,mr,com,ढि
ddhii,mr,com,ढी
ddhu,mr,com,ढु
ddhuu,mr,com,ढू
ddhe,mr,com,ढे
ddho,mr,com,ढो
nna,mr,com,ण
nni,mr,com,णि
nnii,mr,com,णी
nnu,mr,com,णु
nnuu,mr,com,णू
nne,mr,com,णे
nno,mr,com,णो
ta,mr,com,त
ti,mr,com,ति
tii,mr,com,ती
tu,mr,com,तु
tuu,mr,com,तू
te,mr,com,ते
to,mr,com,तो
tha,mr,com,थ
thi,mr,com,थि
thii,mr,com,थी
thu,mr,com,थु
thuu,mr,com,थू
the,mr,com,थे
tho,mr,com,थो
da,mr,com,द
di,mr,com,दि
dii,mr,com,दी
du,mr,com,दु
duu,mr,com,दू
de,mr,com,दे
do,mr,com,दो
dha,mr,com,ध
dhi,mr,com,धि
dhii,mr,com,धी
dhu,mr,com,धु
dhuu,mr,com,धू
dhe,mr,com,धे
dho,mr,com,धो
na,mr,com,न
ni,mr,com,नि
nii,mr,com,नी
nu,mr,com,नु
nuu,mr,com,नू
ne,mr,com,ने
no,mr,com,नो
pa,mr,com,प
pi,mr,com,पि
pii,mr,com,पी
pu,mr,com,पु
puu,mr,com,पू
pe,mr,com,पे
po,mr,com,पो
pha,mr,com,फ
phi,mr,com,फि
phii,mr,com,फी
phu,mr,com,फु
phuu,mr,com,फू
phe,mr,com,फे
pho,mr,com,फो
ba,mr,com,ब
bi,mr,com,बि
bii,mr,com,बी
bu,mr,com,बु
buu,mr,com,बू
be,mr,com,बे
bo,mr,com,बो
bha,mr,com,भ
bhi,mr,com,भि
bhii,mr,com,भी
bhu,mr,com,भु
bhuu,mr,com,भू
bhe,mr,com,भे
bho,mr,com,भो
ma,mr,com,म
mi,mr,com,मि
mii,mr,com,मी
mu,mr,com,मु
muu,mr,com,मू
me,mr,com,मे
mo,mr,com,मो
ya,mr,com,य
yi,mr,com,यि
yii,mr,com,यी
yu,mr,com,यु
yuu,mr,com,यू
ye,mr,com,ये
yo,mr,com,यो
ra,mr,com,र
ri,mr,com,रि
rii,mr,com,री
ru,mr,com,रु
ruu,mr,com,रू
re,mr,com,रे
ro,mr,com,रो
la,mr,com,ल
li,mr,com,लि
lii,mr,com,ली
lu,mr,com,लु
luu,mr,com,लू
le,mr,com,ले
lo,mr,com,लो
lla,mr,com,ळ
lli,mr,com,ळि
llii,mr,com,ळी
llu,mr,com,ळु
lluu,mr,com,ळू
lle,mr,com,ळे
llo,mr,com,ळो
va,mr,com,व
vi,mr,com,वि
vii,mr,com,वी
vu,mr,com,वु
vuu,mr,com,वू
ve,mr,com,वे
vo,mr,com,वो
sha,mr,com,श
shi,mr,com,शि
shii,mr,com,शी
shu,mr,com,शु
shuu,mr,com,शू
she,mr,com,शे
sho,mr,com,शो
ssa,mr,com,ष
ssi,mr,com,षि
ssii,mr,com,षी
ssu,mr,com,षु
ssuu,mr,com,षू
sse,mr,com,षे
sso,mr,com,षो
sa,mr,com,स
si,mr,com,सि
sii,mr,com,सी
su,mr,com,सु
suu,mr,com,सू
se,mr,com,से
so,mr,com,सो
ha,mr,com,ह
hi,mr,com,हि
hii,mr,com,ही
hu,mr,com,हु
huu,mr,com,हू
he,mr,com,हे
ho,mr,com,हो
ki,bn,com,কি
ku,bn,com,কু
ke,bn,com,কে
ko,bn,com,কো
khi,bn,com,খি
khu,bn,com,খু
khe,bn,com,খে
kho,bn,com,খো
gi,bn,com,গি
gu,bn,com,গু
ge,bn,com,গে
go,bn,com,গো
ghi,bn,com,ঘি
ghu,bn,com,ঘু
ghe,bn,com,ঘে
gho,bn,com,ঘো
chi,bn,com,চি
chu,bn,com,চু
che,bn,com,চে
cho,bn,com,চো
chhi,bn,com,ছি
chhu,bn,com,ছু
chhe,bn,com,ছে
chho,bn,com,ছো
ji,bn,com,জি
ju,bn,com,জু
je,bn,com,জে
jo,bn,com,জো
jhi,bn,com,ঝি
jhu,bn,com,ঝু
jhe,bn,com,ঝে
jho,bn,com,ঝো
tti,bn,com,টি
ttu,bn,com,টু
tte,bn,com,টে
tto,bn,com,টো
tthi,bn,com,ঠি
tthu,bn,com,ঠু
tthe,bn,com,ঠে
ttho,bn,com,ঠো
ddi,bn,com,ডি
ddu,bn,com,ডু
dde,bn,com,ডে
ddo,bn,com,ডো
ddhi,bn,com,ঢি
ddhu,bn,com,ঢু
ddhe,bn,com,ঢে
ddho,bn,com,ঢো
ti,bn,com,তি
tu,bn,com,তু
te,bn,com,তে
to,bn,com,তো
thi,bn,com,থি
thu,bn,com,থু
the,bn,com,থে
tho,bn,com,থো
di,bn,com,দি
du,bn,com,দু
de,bn,com,দে
do,bn,com,দো
dhi,bn,com,ধি
dhu,bn,com,ধু
dhe,bn,com,ধে
dho,bn,com,ধো
ni,bn,com,নি
nu,bn,com,নু
ne,bn,com,নে
no,bn,com,নো
pi,bn,com,পি
pu,bn,com,পু
pe,bn,com,পে
po,bn,com,পো
phi,bn,com,ফি
phu,bn,com,ফু
phe,bn,com,ফে
pho,bn,com,ফো
bi,bn,com,বি
bu,bn,com,বু
be,bn,com,বে
bo,bn,com,বো
bhi,bn,com,ভি
bhu,bn,com,ভু
bhe,bn,com,ভে
bho,bn,com,ভো
mi,bn,com,মি
mu,bn,com,মু
me,bn,com,মে
mo,bn,com,মো
ri,bn,com,রি
ru,bn,com,রু
re,bn,com,রে
ro,bn,com,রো
li,bn,com,লি
lu,bn,com,লু
le,bn,com,লে
lo,bn,com,লো
shi,bn,com,শি
shu,bn,com,শু
she,bn,com,শে
sho,bn,com,শো
hi,bn,com,হি
hu,bn,com,হু
he,bn,com,হে
ho,bn,com,হো
ka,pa,com,ਕ
ki,pa,com,ਕਿ
kii,pa,com,ਕੀ
ku,pa,com,ਕੁ
kuu,pa,com,ਕੂ
ke,pa,com,ਕੇ
ko,pa,com,ਕੋ
kha,pa,com,ਖ
khi,pa,com,ਖਿ
khii,pa,com,ਖੀ
khu,pa,com,ਖੁ
khuu,pa,com,ਖੂ
khe,pa,com,ਖੇ
kho,pa,com,ਖੋ
ga,pa,com,ਗ
gi,pa,com,ਗਿ
gii,pa,com,ਗੀ
gu,pa,com,ਗੁ
guu,pa,com,ਗੂ
ge,pa,com,ਗੇ
go,pa,com,ਗੋ
cha,pa,com,ਚ
chi,pa,com,ਚਿ
chii,pa,com,ਚੀ
chu,pa,com,ਚੁ
chuu,pa,com,ਚੂ
che,pa,com,ਚੇ
cho,pa,com,ਚੋ
chha,pa,com,ਛ
chhi,pa,com,ਛਿ
chhii,pa,com,ਛੀ
chhu,pa,com,ਛੁ
chhuu,pa,com,ਛੂ
chhe,pa,com,ਛੇ
chho,pa,com,ਛੋ
ja,pa,com,ਜ
ji,pa,com,ਜਿ
jii,pa,com,ਜੀ
ju,pa,com,ਜੁ
juu,pa,com,ਜੂ
je,pa,com,ਜੇ
jo,pa,com,ਜੋ
tta,pa,com,ਟ
tti,pa,com,ਟਿ
ttii,pa,com,ਟੀ
ttu,pa,com,ਟੁ
ttuu,pa,com,ਟੂ
tte,pa,com,ਟੇ
tto,pa,com,ਟੋ
ttha,pa,com,ਠ
tthi,pa,com,ਠਿ
tthii,pa,com,ਠੀ
tthu,pa,com,ਠੁ
tthuu,pa,com,ਠੂ
tthe,pa,com,ਠੇ
ttho,pa,com,ਠੋ
dda,pa,com,ਡ
ddi,pa,com,ਡਿ
ddii,pa,com,ਡੀ
ddu,pa,com,ਡੁ
dduu,pa,com,ਡੂ
dde,pa,com,ਡੇ
ddo,pa,com,ਡੋ
nna,pa,com,ਣ
nni,pa,com,ਣਿ
nnii,pa,com,ਣੀ
nnu,pa,com,ਣੁ
nnuu,pa,com,ਣੂ
nne,pa,com,ਣੇ
nno,pa,com,ਣੋ
ta,pa,com,ਤ
ti,pa,com,ਤਿ
tii,pa,com,ਤੀ
tu,pa,com,ਤੁ
tuu,pa,com,ਤੂ
te,pa,com,ਤੇ
to,pa,com,ਤੋ
tha,pa,com,ਥ
thi,pa,com,ਥਿ
thii,pa,com,ਥੀ
thu,pa,com,ਥੁ
thuu,pa,com,ਥੂ
the,pa,com,ਥੇ
tho,pa,com,ਥੋ
da,pa,com,ਦ
di,pa,com,ਦਿ
dii,pa,com,ਦੀ
du,pa,com,ਦੁ
duu,pa,com,ਦੂ
de,pa,com,ਦੇ
do,pa,com,ਦੋ
na,pa,com,ਨ
ni,pa,com,ਨਿ
nii,pa,com,ਨੀ
nu,pa,com,ਨੁ
nuu,pa,com,ਨੂ
ne,pa,com,ਨੇ
no,pa,com,ਨੋ
pa,pa,com,ਪ
pi,pa,com,ਪਿ
pii,pa,com,ਪੀ
pu,pa,com,ਪੁ
puu,pa,com,ਪੂ
pe,pa,com,ਪੇ
po,pa,com,ਪੋ
pha,pa,com,ਫ
phi,pa,com,ਫਿ
phii,pa,com,ਫੀ
phu,pa,com,ਫੁ
phuu,pa,com,ਫੂ
phe,pa,com,ਫੇ
pho,pa,com,ਫੋ
ba,pa,com,ਬ
bi,pa,com,ਬਿ
bii,pa,com,ਬੀ
bu,pa,com,ਬੁ
buu,pa,com,ਬੂ
be,pa,com,ਬੇ
bo,pa,com,ਬੋ
ma,pa,com,ਮ
mi,pa,com,ਮਿ
mii,pa,com,ਮੀ
mu,pa,com,ਮੁ
muu,pa,com,ਮੂ
me,pa,com,ਮੇ
mo,pa,com,ਮੋ
ya,pa,com,ਯ
yi,pa,com,ਯਿ
yii,pa,com,ਯੀ
yu,pa,com,ਯੁ
yuu,pa,com,ਯੂ
ye,pa,com,ਯੇ
yo,pa,com,ਯੋ
ra,pa,com,ਰ
ri,pa,com,ਰਿ
rii,pa,com,ਰੀ
ru,pa,com,ਰੁ
ruu,pa,com,ਰੂ
re,pa,com,ਰੇ
ro,pa,com,ਰੋ
la,pa,com,ਲ
li,pa,com,ਲਿ
lii,pa,com,ਲੀ
lu,pa,com,ਲੁ
luu,pa,com,ਲੂ
le,pa,com,ਲੇ
lo,pa,com,ਲੋ
lla,pa,com,ਲ਼
lli,pa,com,ਲ਼ਿ
llii,pa,com,ਲ਼ੀ
llu,pa,com,ਲ਼ੁ
lluu,pa,com,ਲ਼ੂ
lle,pa,com,ਲ਼ੇ
llo,pa,com,ਲ਼ੋ
va,pa,com,ਵ
vi,pa,com,ਵਿ
vii,pa,com,ਵੀ
vu,pa,com,ਵੁ
vuu,pa,com,ਵੂ
ve,pa,com,ਵੇ
vo,pa,com,ਵੋ
sha,pa,com,ਸ਼
shi,pa,com,ਸ਼ਿ
shii,pa,com,ਸ਼ੀ
shu,pa,com,ਸ਼ੁ
shuu,pa,com,ਸ਼ੂ
she,pa,com,ਸ਼ੇ
sho,pa,com,ਸ਼ੋ
sa,pa,com,ਸ
si,pa,com,ਸਿ
sii,pa,com,ਸੀ
su,pa,com,ਸੁ
suu,pa,com,ਸੂ
se,pa,com,ਸੇ
so,pa,com,ਸੋ
ha,pa,com,ਹ
hi,pa,com,ਹਿ
hii,pa,com,ਹੀ
hu,pa,com,ਹੁ
huu,pa,com,ਹੂ
he,pa,com,ਹੇ
ho,pa,com,ਹੋ
